{
  "Delivery Rate": 1.0,
  "Commonsense Constraint Micro Pass Rate": 0.7416666666666667,
  "Commonsense Constraint Macro Pass Rate": 0.08333333333333333,
  "Hard Constraint Micro Pass Rate": 0.3333333333333333,
  "Hard Constraint Macro Pass Rate": 0.21666666666666667,
  "Final Pass Rate": 0.0
}