{
  "Delivery Rate": 0.9,
  "Commonsense Constraint Micro Pass Rate": 0.6631944444444444,
  "Commonsense Constraint Macro Pass Rate": 0.25,
  "Hard Constraint Micro Pass Rate": 0.4357142857142857,
  "Hard Constraint Macro Pass Rate": 0.15555555555555556,
  "Final Pass Rate": 0.15555555555555556
}